{
  "best_model": "SVM",
  "model_comparison": {
    "RandomForest": {
      "accuracy": 0.9564393939393939,
      "f1_weighted": 0.9558745386359195,
      "cv_mean": 0.9443181818181821
    },
    "DecisionTree": {
      "accuracy": 0.8901515151515151,
      "f1_weighted": 0.8898984485576403,
      "cv_mean": 0.8818181818181818
    },
    "KNN": {
      "accuracy": 0.9356060606060606,
      "f1_weighted": 0.9349286902495192,
      "cv_mean": 0.9227272727272726
    },
    "SVM": {
      "accuracy": 0.9583333333333334,
      "f1_weighted": 0.9579121873511116,
      "cv_mean": 0.9492424242424242
    },
    "LogisticRegression": {
      "accuracy": 0.9507575757575758,
      "f1_weighted": 0.9501960936743562,
      "cv_mean": 0.9431818181818181
    }
  },
  "classification_report": {
    "apple": {
      "precision": 0.96,
      "recall": 1.0,
      "f1-score": 0.9795918367346939,
      "support": 24.0
    },
    "banana": {
      "precision": 1.0,
      "recall": 1.0,
      "f1-score": 1.0,
      "support": 24.0
    },
    "blackgram": {
      "precision": 1.0,
      "recall": 0.9583333333333334,
      "f1-score": 0.9787234042553191,
      "support": 24.0
    },
    "chickpea": {
      "precision": 1.0,
      "recall": 1.0,
      "f1-score": 1.0,
      "support": 24.0
    },
    "coconut": {
      "precision": 1.0,
      "recall": 1.0,
      "f1-score": 1.0,
      "support": 24.0
    },
    "coffee": {
      "precision": 0.9230769230769231,
      "recall": 1.0,
      "f1-score": 0.96,
      "support": 24.0
    },
    "cotton": {
      "precision": 1.0,
      "recall": 1.0,
      "f1-score": 1.0,
      "support": 24.0
    },
    "grapes": {
      "precision": 1.0,
      "recall": 0.9583333333333334,
      "f1-score": 0.9787234042553191,
      "support": 24.0
    },
    "jute": {
      "precision": 0.9444444444444444,
      "recall": 0.7083333333333334,
      "f1-score": 0.8095238095238095,
      "support": 24.0
    },
    "kidneybeans": {
      "precision": 1.0,
      "recall": 1.0,
      "f1-score": 1.0,
      "support": 24.0
    },
    "lentil": {
      "precision": 0.92,
      "recall": 0.9583333333333334,
      "f1-score": 0.9387755102040817,
      "support": 24.0
    },
    "maize": {
      "precision": 1.0,
      "recall": 0.9166666666666666,
      "f1-score": 0.9565217391304348,
      "support": 24.0
    },
    "mango": {
      "precision": 0.9583333333333334,
      "recall": 0.9583333333333334,
      "f1-score": 0.9583333333333334,
      "support": 24.0
    },
    "mothbeans": {
      "precision": 0.875,
      "recall": 0.875,
      "f1-score": 0.875,
      "support": 24.0
    },
    "mungbean": {
      "precision": 0.96,
      "recall": 1.0,
      "f1-score": 0.9795918367346939,
      "support": 24.0
    },
    "muskmelon": {
      "precision": 0.8846153846153846,
      "recall": 0.9583333333333334,
      "f1-score": 0.92,
      "support": 24.0
    },
    "orange": {
      "precision": 1.0,
      "recall": 1.0,
      "f1-score": 1.0,
      "support": 24.0
    },
    "papaya": {
      "precision": 0.96,
      "recall": 1.0,
      "f1-score": 0.9795918367346939,
      "support": 24.0
    },
    "pigeonpeas": {
      "precision": 1.0,
      "recall": 0.9583333333333334,
      "f1-score": 0.9787234042553191,
      "support": 24.0
    },
    "pomegranate": {
      "precision": 1.0,
      "recall": 1.0,
      "f1-score": 1.0,
      "support": 24.0
    },
    "rice": {
      "precision": 0.7931034482758621,
      "recall": 0.9583333333333334,
      "f1-score": 0.8679245283018868,
      "support": 24.0
    },
    "watermelon": {
      "precision": 0.9545454545454546,
      "recall": 0.875,
      "f1-score": 0.9130434782608695,
      "support": 24.0
    },
    "accuracy": 0.9583333333333334,
    "macro avg": {
      "precision": 0.9605963176496091,
      "recall": 0.9583333333333331,
      "f1-score": 0.9579121873511117,
      "support": 528.0
    },
    "weighted avg": {
      "precision": 0.9605963176496093,
      "recall": 0.9583333333333334,
      "f1-score": 0.9579121873511116,
      "support": 528.0
    }
  }
}